,id,brand,txt,buylink
0,0,ADRER,Tã‚·ãƒ£ãƒ„/ã‚«ãƒƒãƒˆã‚½ãƒ¼ (ã‚¤ã‚¨ãƒ­ãƒ¼ç³»),https://zozo.jp/?c=gr&gid=60455891&kid=323231383&t=w&utm_source=wear&utm_medium=pc&utm_campaign=brandnameADRER_itemID59965199_kid323231383_coupon0
1,0,And A,,https://zozo.jp/search/?p_keyv=%83J%81%5B%83S%83p%83%93%83c&p_cocid=2&kid=423231383&t=w&utm_source=wear&utm_medium=pc&utm_campaign=relsnap_23231383
2,0,CONVERSE,,https://zozo.jp/brand/converse/?p_keyv=%83%82%83J%83V%83%93%2F%83f%83b%83L%83V%83%85%81%5B%83Y&p_cocid=8&kid=423231383&t=w&utm_source=wear&utm_medium=pc&utm_campaign=relsnap_23231383
3,1,SHEIN,,https://zozo.jp/search/?p_keyv=%83%7B%83f%83B%83o%83b%83O%2F%83E%83G%83X%83g%83%7C%81%5B%83%60&p_cocid=2&kid=422641160&t=w&utm_source=wear&utm_medium=pc&utm_campaign=relsnap_22641160
4,1,OY,ãƒ‘ãƒ¼ã‚«ãƒ¼ (ãƒ–ãƒ©ãƒƒã‚¯ç³»),https://zozo.jp/?c=gr&gid=45851925&kid=322641160&t=w&utm_source=wear&utm_medium=pc&utm_campaign=brandnameOY_itemID41734836_kid322641160_coupon0
5,1,aveil,,https://zozo.jp/category/shoes/?p_cocid=2&kid=422641160&t=w&utm_source=wear&utm_medium=pc&utm_campaign=relsnap_22641160
6,1,ROMWE,,https://zozo.jp/category/jacket-outerwear/?p_cocid=7&kid=422641160&t=w&utm_source=wear&utm_medium=pc&utm_campaign=relsnap_22641160
7,2,9090,,https://zozo.jp/search/?p_keyv=%83u%83%8B%83%5D%83%93&p_cocid=2&kid=423301614&t=w&utm_source=wear&utm_medium=pc&utm_campaign=relsnap_23301614
8,2,Supreme ,,https://zozo.jp/category/accessory/?p_cocid=14&kid=423301614&t=w&utm_source=wear&utm_medium=pc&utm_campaign=relsnap_23301614
9,2,HARE,,https://zozo.jp/brand/hare/?p_keyv=%83%8A%83%93%83O&p_cocid=14&kid=423301614&t=w&utm_source=wear&utm_medium=pc&utm_campaign=relsnap_23301614
10,3,NEW ERA,,https://zozo.jp/brand/newera/?p_keyv=%83L%83%83%83b%83v&p_cocid=2&kid=423084888&t=w&utm_source=wear&utm_medium=pc&utm_campaign=relsnap_23084888
11,4,SALOMON,,https://zozo.jp/search/?p_keyv=%83X%83j%81%5B%83J%81%5B&p_cocid=3&kid=423312478&t=w&utm_source=wear&utm_medium=pc&utm_campaign=relsnap_23312478
12,4,CIAOPANIC TYPY,ã‚¹ãƒ©ãƒƒã‚¯ã‚¹ (ãƒ–ãƒ«ãƒ¼ç³»),https://zozo.jp/?c=gr&gid=76361522&kid=323312478&t=w&utm_source=wear&utm_medium=pc&utm_campaign=brandnameCIAOPANIC+TYPY_itemID72403114_kid323312478_coupon0
13,4,CIAOPANIC TYPY,ãƒ‹ãƒƒãƒˆ/ã‚»ãƒ¼ã‚¿ãƒ¼ (ãƒ–ãƒ«ãƒ¼ç³»),https://zozo.jp/?c=gr&gid=75413786&kid=323312478&t=w&utm_source=wear&utm_medium=pc&utm_campaign=brandnameCIAOPANIC+TYPY_itemID72074939_kid323312478_coupon0
14,4,CIAOPANIC TYPY,ã‚·ãƒ§ãƒ«ãƒ€ãƒ¼ãƒãƒƒã‚° (ãƒ–ãƒ©ãƒƒã‚¯ç³»),https://zozo.jp/?c=gr&gid=75815643&kid=323312478&t=w&utm_source=wear&utm_medium=pc&utm_campaign=brandnameCIAOPANIC+TYPY_itemID71737366_kid323312478_coupon0
15,5,Zoff,ãƒ¡ã‚¬ãƒ (ãƒ–ãƒ©ã‚¦ãƒ³ç³»),https://zozo.jp/?c=gr&gid=52884849&kid=323290089&t=w&utm_source=wear&utm_medium=pc&utm_campaign=brandnameZoff_itemID49186495_kid323290089_coupon0
16,5,select MOCA,ãƒ‹ãƒƒãƒˆ/ã‚»ãƒ¼ã‚¿ãƒ¼ (ãƒ–ãƒ©ã‚¦ãƒ³ç³»),https://zozo.jp/?c=gr&gid=74983130&kid=323290089&t=w&utm_source=wear&utm_medium=pc&utm_campaign=brandnameselect+MOCA_itemID72189926_kid323290089_coupon0
17,5,Kastane,ãã®ä»–ãƒ‘ãƒ³ãƒ„ (ãƒ›ãƒ¯ã‚¤ãƒˆç³»),https://zozo.jp/brand/kastane/?p_keyv=%82%BB%82%CC%91%BC%83p%83%93%83c&kid=423290089&t=w&utm_source=wear&utm_medium=pc&utm_campaign=relsnap_23290089
18,5,HARUTA,ãƒ­ãƒ¼ãƒ•ã‚¡ãƒ¼ (ãƒ–ãƒ©ãƒƒã‚¯ç³»),https://zozo.jp/?c=gr&gid=49794853&kid=323290089&t=w&utm_source=wear&utm_medium=pc&utm_campaign=brandnameHARUTA_itemID44381579_kid323290089_coupon0
19,5,my Instagram ğŸ“·Â´-,å€‹äººã‚¢ã‚«ã‚¦ãƒ³ãƒˆâ•ã‚ˆã‹ã£ãŸã‚‰éŠã³ã«ãã¦ãã ã•ã„ğŸ«°ğŸ»ğŸ¤,https://zozo.jp/search/?p_keyv=%82%BB%82%CC%91%BC&p_cocid=16&kid=423290089&t=w&utm_source=wear&utm_medium=pc&utm_campaign=relsnap_23290089
20,6,apres jour mignon,ä»˜ã‘è¥Ÿ (ãƒ–ãƒ©ãƒƒã‚¯ç³»),https://zozo.jp/?c=gr&gid=75614581&kid=323308662&t=w&utm_source=wear&utm_medium=pc&utm_campaign=brandnameapres+jour+mignon_itemID71417896_kid323308662_coupon0
21,6,reca,ã‚¹ãƒ©ãƒƒã‚¯ã‚¹ (ã‚ªãƒ¬ãƒ³ã‚¸ç³»),https://zozo.jp/?c=gr&gid=48352758&kid=323308662&t=w&utm_source=wear&utm_medium=pc&utm_campaign=brandnamereca_itemID43297546_kid323308662_coupon0
22,6,CLEA,ã‚·ãƒ§ãƒ«ãƒ€ãƒ¼ãƒãƒƒã‚° (ãƒ–ãƒ©ãƒƒã‚¯ç³»),https://zozo.jp/?c=gr&gid=75084986&kid=323308662&t=w&utm_source=wear&utm_medium=pc&utm_campaign=brandnameun%2Bframe_itemID71510025_kid323308662_coupon0
23,6,CONVERSE,ã‚¹ãƒ‹ãƒ¼ã‚«ãƒ¼ (ãƒ–ãƒ©ãƒƒã‚¯ç³»),https://zozo.jp/?c=gr&gid=46113554&kid=323308662&t=w&utm_source=wear&utm_medium=pc&utm_campaign=brandnameCONVERSE_itemID41843341_kid323308662_coupon0
24,7,CANAL JEAN,ãã®ä»–ãƒ‘ãƒ³ãƒ„ (ãƒ›ãƒ¯ã‚¤ãƒˆç³»),https://zozo.jp/brand/canaljean/?p_keyv=%82%BB%82%CC%91%BC%83p%83%93%83c&kid=423285439&t=w&utm_source=wear&utm_medium=pc&utm_campaign=relsnap_23285439
25,7,CANAL JEAN,ã‚·ãƒ§ãƒ«ãƒ€ãƒ¼ãƒãƒƒã‚° (ãƒ–ãƒ©ãƒƒã‚¯ç³»),https://zozo.jp/?c=gr&gid=68510430&kid=323285439&t=w&utm_source=wear&utm_medium=pc&utm_campaign=brandnameCANAL+JEAN_itemID65087864_kid323285439_coupon0
26,7,CANAL JEAN,ãƒ–ãƒ¼ãƒ„ (ãƒ–ãƒ©ãƒƒã‚¯ç³»),https://zozo.jp/?c=gr&gid=75876449&kid=323285439&t=w&utm_source=wear&utm_medium=pc&utm_campaign=brandnameCANAL+JEAN_itemID71505681_kid323285439_coupon0
27,7,CANAL JEAN,Tã‚·ãƒ£ãƒ„/ã‚«ãƒƒãƒˆã‚½ãƒ¼ (ãƒ›ãƒ¯ã‚¤ãƒˆç³»),https://zozo.jp/brand/canaljean/?p_keyv=T%83V%83%83%83c%2F%83J%83b%83g%83%5C%81%5B&kid=423285439&t=w&utm_source=wear&utm_medium=pc&utm_campaign=relsnap_23285439
28,7,CANAL JEAN,ãƒ™ã‚¹ãƒˆ (ãƒ–ãƒ«ãƒ¼ç³»),https://zozo.jp/?c=gr&gid=75875623&kid=323285439&t=w&utm_source=wear&utm_medium=pc&utm_campaign=brandnameCANAL+JEAN_itemID72216195_kid323285439_coupon0
29,8,whoâ€™s who Chico(ãƒ•ãƒ¼ã‚ºãƒ•ãƒ¼ãƒã‚³),ãƒ‡ãƒ‹ãƒ ãƒ‘ãƒ³ãƒ„ (ãƒ–ãƒ«ãƒ¼ç³»),https://zozo.jp/?c=gr&gid=62053358&kid=323269855&t=w&utm_source=wear&utm_medium=pc&utm_campaign=brandnamewho%E2%80%99s+who+Chico%28%E3%83%95%E3%83%BC%E3%82%BA%E3%83%95%E3%83%BC%E3%83%81%E3%82%B3%29_itemID59097353_kid323269855_coupon0
30,8,cheriella,ãƒ‹ãƒƒãƒˆ/ã‚»ãƒ¼ã‚¿ãƒ¼ (ãƒ›ãƒ¯ã‚¤ãƒˆç³»),https://zozo.jp/?c=gr&gid=71811948&kid=323269855&t=w&utm_source=wear&utm_medium=pc&utm_campaign=brandnamecheriella_itemID67777289_kid323269855_coupon0
31,8,cheriella,ãƒªãƒ³ã‚° (ã‚´ãƒ¼ãƒ«ãƒ‰ç³»),https://zozo.jp/?c=gr&gid=70612978&kid=323269855&t=w&utm_source=wear&utm_medium=pc&utm_campaign=brandnamecheriella_itemID66870191_kid323269855_coupon0
32,8,select MOCA,ãƒ­ãƒ¼ãƒ•ã‚¡ãƒ¼ (ãƒ–ãƒ©ãƒƒã‚¯ç³»),https://zozo.jp/?c=gr&gid=25349758&kid=323269855&t=w&utm_source=wear&utm_medium=pc&utm_campaign=brandnameselect+MOCA_itemID38979161_kid323269855_coupon0
33,9,nanoï½¥universe,ã‚·ãƒ£ãƒ„/ãƒ–ãƒ©ã‚¦ã‚¹ (ãƒ™ãƒ¼ã‚¸ãƒ¥ç³»),https://zozo.jp/?c=gr&gid=75946817&kid=323304462&t=w&utm_source=wear&utm_medium=pc&utm_campaign=brandnamenano%EF%BD%A5universe_itemID71565067_kid323304462_coupon0
34,9,nanoï½¥universe,ãã®ä»–ãƒ‘ãƒ³ãƒ„ (ã‚°ãƒ¬ãƒ¼ç³»),https://zozo.jp/?c=gr&gid=76048319&kid=323304462&t=w&utm_source=wear&utm_medium=pc&utm_campaign=brandnamenano%EF%BD%A5universe_itemID71807220_kid323304462_coupon0
35,9,ADD CULUMN,ã‚·ãƒ§ãƒ«ãƒ€ãƒ¼ãƒãƒƒã‚° (ãƒ–ãƒ©ãƒƒã‚¯ç³»),https://zozo.jp/?c=gr&gid=73962381&kid=323304462&t=w&utm_source=wear&utm_medium=pc&utm_campaign=brandnameADD+CULUMN_itemID69943747_kid323304462_coupon0
36,9,JVAM,ãƒ­ãƒ¼ãƒ•ã‚¡ãƒ¼ (ãƒ–ãƒ©ãƒƒã‚¯ç³»),https://zozo.jp/?c=gr&gid=74654088&kid=323304462&t=w&utm_source=wear&utm_medium=pc&utm_campaign=brandnameJVAM_itemID70388215_kid323304462_coupon0
37,9,Instagramæ¯æ—¥æ›´æ–°ã—ã¦ã¾ã™ğŸ‹ğŸŒ¿,numayuka__,https://zozo.jp/search/?p_keyv=%82%BB%82%CC%91%BC&p_cocid=16&kid=423304462&t=w&utm_source=wear&utm_medium=pc&utm_campaign=relsnap_23304462
38,10,yae,ã‚¹ã‚«ãƒ¼ãƒˆ (ã‚´ãƒ¼ãƒ«ãƒ‰ç³»),https://zozo.jp/?c=gr&gid=73166229&kid=323305531&t=w&utm_source=wear&utm_medium=pc&utm_campaign=brandnameyae_itemID69594501_kid323305531_coupon0
39,10,MAISON SPECIAL,ãƒ†ãƒ¼ãƒ©ãƒ¼ãƒ‰ã‚¸ãƒ£ã‚±ãƒƒãƒˆ (ãƒ–ãƒ©ã‚¦ãƒ³ç³»),https://zozo.jp/?c=gr&gid=54454810&kid=323305531&t=w&utm_source=wear&utm_medium=pc&utm_campaign=brandnameMAISON+SPECIAL_itemID52254646_kid323305531_coupon0
40,10,JOURNAL STANDARD,ã‚¿ãƒ³ã‚¯ãƒˆãƒƒãƒ— (ãƒ–ãƒ©ãƒƒã‚¯ç³»),https://baycrews.jp/item/detail/journalstandard/cutsew/22070400120110?q_sclrcd=010
41,10,CENE,ãƒªãƒ³ã‚° (ã‚´ãƒ¼ãƒ«ãƒ‰ç³»),https://zozo.jp/?c=gr&gid=75985218&kid=323305531&t=w&utm_source=wear&utm_medium=pc&utm_campaign=brandnameCENE_itemID69256425_kid323305531_coupon0
42,10,TODAYFUL,ãƒãƒ³ã‚°ãƒ«/ãƒªã‚¹ãƒˆãƒãƒ³ãƒ‰ (ã‚´ãƒ¼ãƒ«ãƒ‰ç³»),https://zozo.jp/?c=gr&gid=51168971&kid=323305531&t=w&utm_source=wear&utm_medium=pc&utm_campaign=brandnameTODAYFUL_itemID45269598_kid323305531_coupon0
43,10,ETVOS,ã‚¢ã‚¤ã‚·ãƒ£ãƒ‰ã‚¦ (ãƒ–ãƒ©ã‚¦ãƒ³ç³»),https://zozo.jp/brand/etvos/?p_keyv=%83A%83C%83V%83%83%83h%83E&kid=423305531&t=w&utm_source=wear&utm_medium=pc&utm_campaign=relsnap_23305531
44,10,Celvoke,å£ç´…/ãƒªãƒƒãƒ—ãƒ†ã‚£ãƒ³ãƒˆ/ã‚°ãƒ­ã‚¹ (ãƒ–ãƒ©ã‚¦ãƒ³ç³»),https://zozo.jp/?c=gr&gid=55638207&kid=323305531&t=w&utm_source=wear&utm_medium=pc&utm_campaign=brandnameCelvoke_itemID53229676_kid323305531_coupon0
45,10,Celvoke,å£ç´…/ãƒªãƒƒãƒ—ãƒ†ã‚£ãƒ³ãƒˆ/ã‚°ãƒ­ã‚¹ (ãƒ–ãƒ©ã‚¦ãƒ³ç³»),https://zozo.jp/?c=gr&gid=58584116&kid=323305531&t=w&utm_source=wear&utm_medium=pc&utm_campaign=brandnameCelvoke_itemID58010225_kid323305531_coupon0
46,10,MARROW,ãƒãƒ³ãƒ‰ãƒãƒƒã‚° (ãƒ–ãƒ©ãƒƒã‚¯ç³»),https://zozo.jp/?c=gr&gid=66636409&kid=323305531&t=w&utm_source=wear&utm_medium=pc&utm_campaign=brandnameMARROW_itemID62829036_kid323305531_coupon0
47,11,InstagramğŸ“¸,,https://zozo.jp/search/?p_keyv=%82%BB%82%CC%91%BC&p_cocid=8&kid=423294524&t=w&utm_source=wear&utm_medium=pc&utm_campaign=relsnap_23294524
48,11,SENSE OF PLACE by URBAN RESEARCH,ãƒãƒƒãƒˆ (ãƒ–ãƒ©ãƒƒã‚¯ç³»),https://zozo.jp/?c=gr&gid=76083664&kid=323294524&t=w&utm_source=wear&utm_medium=pc&utm_campaign=brandnameSENSE+OF+PLACE+by+URBAN+RESEARCH_itemID71801933_kid323294524_coupon0
49,11,SENSE OF PLACE by URBAN RESEARCH,Tã‚·ãƒ£ãƒ„/ã‚«ãƒƒãƒˆã‚½ãƒ¼ (ãƒ™ãƒ¼ã‚¸ãƒ¥ç³»),https://zozo.jp/?c=gr&gid=76597610&kid=323294524&t=w&utm_source=wear&utm_medium=pc&utm_campaign=brandnameSENSE+OF+PLACE+by+URBAN+RESEARCH_itemID72224058_kid323294524_coupon0
50,11,Couleur Meler,ãƒ‡ãƒ‹ãƒ ã‚¸ãƒ£ã‚±ãƒƒãƒˆ (ãƒ–ãƒ©ãƒƒã‚¯ç³»),https://zozo.jp/?c=gr&gid=70246709&kid=323294524&t=w&utm_source=wear&utm_medium=pc&utm_campaign=brandnameCouleur+Meler_itemID66577062_kid323294524_coupon0
51,11,SENSE OF PLACE by URBAN RESEARCH,ãã®ä»–ãƒ‘ãƒ³ãƒ„ (ãƒ–ãƒ©ãƒƒã‚¯ç³»),https://zozo.jp/?c=gr&gid=75579725&kid=323294524&t=w&utm_source=wear&utm_medium=pc&utm_campaign=brandnameSENSE+OF+PLACE+by+URBAN+RESEARCH_itemID71264776_kid323294524_coupon0
52,11,SENSE OF PLACE by URBAN RESEARCH,ãƒ–ãƒ¼ãƒ„ (ãƒ–ãƒ©ãƒƒã‚¯ç³»),https://zozo.jp/?c=gr&gid=76459937&kid=323294524&t=w&utm_source=wear&utm_medium=pc&utm_campaign=brandnameSENSE+OF+PLACE+by+URBAN+RESEARCH_itemID72199617_kid323294524_coupon0
53,12,nanoï½¥universe,Tã‚·ãƒ£ãƒ„/ã‚«ãƒƒãƒˆã‚½ãƒ¼ (ãƒ™ãƒ¼ã‚¸ãƒ¥ç³»),https://zozo.jp/?c=gr&gid=75813409&kid=323313149&t=w&utm_source=wear&utm_medium=pc&utm_campaign=brandnamenano%EF%BD%A5universe_itemID71559572_kid323313149_coupon0
54,12,nanoï½¥universe,ãƒ‹ãƒƒãƒˆ/ã‚»ãƒ¼ã‚¿ãƒ¼ (ãƒ–ãƒ©ãƒƒã‚¯ç³»),https://zozo.jp/?c=gr&gid=76633500&kid=323313149&t=w&utm_source=wear&utm_medium=pc&utm_campaign=brandnamenano%EF%BD%A5universe_itemID72384016_kid323313149_coupon0
55,12,nanoï½¥universe,ãã®ä»–ãƒ‘ãƒ³ãƒ„ (ã‚°ãƒ¬ãƒ¼ç³»),https://zozo.jp/?c=gr&gid=76048319&kid=323313149&t=w&utm_source=wear&utm_medium=pc&utm_campaign=brandnamenano%EF%BD%A5universe_itemID71807220_kid323313149_coupon0
56,12,AULENTTI,ã‚·ãƒ§ãƒ«ãƒ€ãƒ¼ãƒãƒƒã‚° (ãƒ™ãƒ¼ã‚¸ãƒ¥ç³»),https://zozo.jp/?c=gr&gid=73832180&kid=323313149&t=w&utm_source=wear&utm_medium=pc&utm_campaign=brandnameAULENTTI_itemID69591284_kid323313149_coupon0
57,12,JVAM,ãƒ­ãƒ¼ãƒ•ã‚¡ãƒ¼ (ãƒ–ãƒ©ãƒƒã‚¯ç³»),https://zozo.jp/?c=gr&gid=74654088&kid=323313149&t=w&utm_source=wear&utm_medium=pc&utm_campaign=brandnameJVAM_itemID70388215_kid323313149_coupon0
58,12,Instagramæ¯æ—¥æ›´æ–°ã—ã¦ã¾ã™ğŸ‹ğŸŒ¿,numayuka__,https://zozo.jp/search/?p_keyv=%82%BB%82%CC%91%BC&p_cocid=16&kid=423313149&t=w&utm_source=wear&utm_medium=pc&utm_campaign=relsnap_23313149
59,13,HERENCIA,ãƒ‹ãƒƒãƒˆ/ã‚»ãƒ¼ã‚¿ãƒ¼ (ãƒ›ãƒ¯ã‚¤ãƒˆç³»),https://zozo.jp/?c=gr&gid=76424590&kid=323321558&t=w&utm_source=wear&utm_medium=pc&utm_campaign=brandnameHERENCIA_itemID72114855_kid323321558_coupon0
60,13,HERENCIA,ã‚«ãƒ¼ã‚´ãƒ‘ãƒ³ãƒ„ (ãƒ™ãƒ¼ã‚¸ãƒ¥ç³»),https://zozo.jp/?c=gr&gid=76257977&kid=323321558&t=w&utm_source=wear&utm_medium=pc&utm_campaign=brandnameHERENCIA_itemID71949888_kid323321558_coupon0
61,13,HERENCIA,Tã‚·ãƒ£ãƒ„/ã‚«ãƒƒãƒˆã‚½ãƒ¼ (ã‚¤ã‚¨ãƒ­ãƒ¼ç³»),https://zozo.jp/?c=gr&gid=75912197&kid=323321558&t=w&utm_source=wear&utm_medium=pc&utm_campaign=brandnameHERENCIA_itemID71566611_kid323321558_coupon0
62,14,Teva,ã‚µãƒ³ãƒ€ãƒ« (ãƒ–ãƒ©ãƒƒã‚¯ç³»),https://zozo.jp/?c=gr&gid=40708422&kid=323015985&t=w&utm_source=wear&utm_medium=pc&utm_campaign=brandnameTeva_itemID38284456_kid323015985_coupon0
63,14,GRAMICCI ,ãã®ä»–ãƒ‘ãƒ³ãƒ„ (ãƒ™ãƒ¼ã‚¸ãƒ¥ç³»),https://zozo.jp/?c=gr&gid=64251937&kid=323015985&t=w&utm_source=wear&utm_medium=pc&utm_campaign=brandnameGRAMICCI+_itemID60844718_kid323015985_coupon0
64,14,Chillfar,Tã‚·ãƒ£ãƒ„/ã‚«ãƒƒãƒˆã‚½ãƒ¼ (ãƒ™ãƒ¼ã‚¸ãƒ¥ç³»),https://zozo.jp/?c=gr&gid=72725705&kid=323015985&t=w&utm_source=wear&utm_medium=pc&utm_campaign=brandnameChillfar_itemID68602350_kid323015985_coupon0
65,14,POLO RALPH LAUREN,,https://zozo.jp/brand/poloralphlauren/?p_keyv=%83V%83%83%83c%2F%83u%83%89%83E%83X&p_cocid=8&kid=423015985&t=w&utm_source=wear&utm_medium=pc&utm_campaign=relsnap_23015985
66,14,NEW ERA,ã‚­ãƒ£ãƒƒãƒ— (ãƒ–ãƒ«ãƒ¼ç³»),https://zozo.jp/brand/newera/?p_keyv=%83L%83%83%83b%83v&kid=423015985&t=w&utm_source=wear&utm_medium=pc&utm_campaign=relsnap_23015985
67,15,POLO RALPH LAUREN,,https://zozo.jp/brand/poloralphlauren/?p_keyv=%83V%83%83%83c%2F%83u%83%89%83E%83X&p_cocid=1&kid=423299477&t=w&utm_source=wear&utm_medium=pc&utm_campaign=relsnap_23299477
68,15,ãƒ¦ãƒ‹ã‚¯ãƒ­,Tã‚·ãƒ£ãƒ„/ã‚«ãƒƒãƒˆã‚½ãƒ¼ (ãƒ›ãƒ¯ã‚¤ãƒˆç³»),https://www.uniqlo.com/jp/store/goods/425974?utm_medium=social&utm_source=wear
69,15,bukht,,https://zozo.jp/brand/bukht/pants/?p_cocid=7&kid=423299477&t=w&utm_source=wear&utm_medium=pc&utm_campaign=relsnap_23299477
70,15,adidas Originals,ã‚¹ãƒ‹ãƒ¼ã‚«ãƒ¼ (ãƒ›ãƒ¯ã‚¤ãƒˆç³»),https://zozo.jp/brand/adidasoriginals/?p_keyv=%83X%83j%81%5B%83J%81%5B&kid=423299477&t=w&utm_source=wear&utm_medium=pc&utm_campaign=relsnap_23299477
71,16,gadidanoniem,,https://zozo.jp/search/?p_keyv=%83L%83%83%83b%83v&p_cocid=12&kid=423228337&t=w&utm_source=wear&utm_medium=pc&utm_campaign=relsnap_23228337
72,16,UNIQLO,,https://zozo.jp/search/?p_keyv=%83V%83%83%83c%2F%83u%83%89%83E%83X&p_cocid=2&kid=423228337&t=w&utm_source=wear&utm_medium=pc&utm_campaign=relsnap_23228337
73,16,UNIQLO,,https://zozo.jp/search/?p_keyv=%83J%81%5B%83S%83p%83%93%83c&p_cocid=2&kid=423228337&t=w&utm_source=wear&utm_medium=pc&utm_campaign=relsnap_23228337
74,16,REGAL,,https://zozo.jp/search/?p_keyv=%83%8D%81%5B%83t%83%40%81%5B&p_cocid=2&kid=423228337&t=w&utm_source=wear&utm_medium=pc&utm_campaign=relsnap_23228337
75,17,New Balance,ã‚¹ãƒ‹ãƒ¼ã‚«ãƒ¼ (ã‚°ãƒ¬ãƒ¼ç³»),https://zozo.jp/brand/newbalance/?p_keyv=%83X%83j%81%5B%83J%81%5B&kid=423221338&t=w&utm_source=wear&utm_medium=pc&utm_campaign=relsnap_23221338
76,17,CIAOPANIC TYPY(ãƒãƒ£ã‚ªãƒ‘ãƒ‹ãƒƒã‚¯ãƒ†ã‚£ãƒ”ãƒ¼),ãã®ä»–ãƒ‘ãƒ³ãƒ„ (ãƒ›ãƒ¯ã‚¤ãƒˆç³»),https://www.palcloset.jp/display/item/TYZ1031202A0004/?b=typy
77,17,CIAOPANIC TYPY(ãƒãƒ£ã‚ªãƒ‘ãƒ‹ãƒƒã‚¯ãƒ†ã‚£ãƒ”ãƒ¼),Tã‚·ãƒ£ãƒ„/ã‚«ãƒƒãƒˆã‚½ãƒ¼ (ãƒ›ãƒ¯ã‚¤ãƒˆç³»),https://zozo.jp/?c=gr&gid=74033065&kid=323221338&t=w&utm_source=wear&utm_medium=pc&utm_campaign=brandnameCIAOPANIC+TYPY%28%E3%83%81%E3%83%A3%E3%82%AA%E3%83%91%E3%83%8B%E3%83%83%E3%82%AF%E3%83%86%E3%82%A3%E3%83%94%E3%83%BC%29_itemID70466281_kid323221338_coupon0
78,17,CIAOPANIC TYPY,Tã‚·ãƒ£ãƒ„/ã‚«ãƒƒãƒˆã‚½ãƒ¼ (ãƒ–ãƒ©ãƒƒã‚¯ç³»),https://www.palcloset.jp/display/item/TYZ2031506A0001/?b=typy
79,18,Samansa Mos2,Tã‚·ãƒ£ãƒ„/ã‚«ãƒƒãƒˆã‚½ãƒ¼ (ãƒ–ãƒ©ã‚¦ãƒ³ç³»),https://zozo.jp/brand/sm2/?p_keyv=T%83V%83%83%83c%2F%83J%83b%83g%83%5C%81%5B&kid=422978840&t=w&utm_source=wear&utm_medium=pc&utm_campaign=relsnap_22978840
80,18,used,,https://zozo.jp/category/tops/?p_cocid=5&kid=422978840&t=w&utm_source=wear&utm_medium=pc&utm_campaign=relsnap_22978840
81,18,SHEIN,,https://zozo.jp/category/pants/?p_cocid=8&kid=422978840&t=w&utm_source=wear&utm_medium=pc&utm_campaign=relsnap_22978840
82,18,KEEN,ã‚µãƒ³ãƒ€ãƒ« (ãƒ™ãƒ¼ã‚¸ãƒ¥ç³»),https://zozo.jp/?c=gr&gid=29168261&kid=322978840&t=w&utm_source=wear&utm_medium=pc&utm_campaign=brandnameKEEN_itemID29336594_kid322978840_coupon0
83,18,InstagramğŸª,,https://zozo.jp/category/others/?p_cocid=16&kid=422978840&t=w&utm_source=wear&utm_medium=pc&utm_campaign=relsnap_22978840
84,19,jouetie,ãƒ‡ãƒ‹ãƒ ãƒ‘ãƒ³ãƒ„ (ãƒ–ãƒ©ãƒƒã‚¯ç³»),https://zozo.jp/?c=gr&gid=74290674&kid=323250893&t=w&utm_source=wear&utm_medium=pc&utm_campaign=brandnamejouetie_itemID70041824_kid323250893_coupon0
85,19,jouetie,Tã‚·ãƒ£ãƒ„/ã‚«ãƒƒãƒˆã‚½ãƒ¼ (ãƒ›ãƒ¯ã‚¤ãƒˆç³»),https://zozo.jp/?c=gr&gid=75376462&kid=323250893&t=w&utm_source=wear&utm_medium=pc&utm_campaign=brandnamejouetie_itemID71070715_kid323250893_coupon0
86,20,TAN,ãƒ¯ãƒ³ãƒ”ãƒ¼ã‚¹ (ãƒ–ãƒ«ãƒ¼ç³»),https://zozo.jp/search/?p_keyv=%83%8F%83%93%83s%81%5B%83X&kid=423038121&t=w&utm_source=wear&utm_medium=pc&utm_campaign=relsnap_23038121
87,20,TAN,ãã®ä»–ãƒˆãƒƒãƒ—ã‚¹ (ãƒ›ãƒ¯ã‚¤ãƒˆç³»),https://zozo.jp/?c=gr&gid=73030628&kid=323038121&t=w&utm_source=wear&utm_medium=pc&utm_campaign=brandnameTAN_itemID68658456_kid323038121_coupon0
88,20,CITY,ã‚µãƒ³ãƒ€ãƒ« (ãƒ–ãƒ©ãƒƒã‚¯ç³»),https://zozo.jp/?c=gr&gid=72486568&kid=323038121&t=w&utm_source=wear&utm_medium=pc&utm_campaign=brandnameCITY_itemID68188383_kid323038121_coupon0
89,21,FOSSIL,ãƒ¡ãƒƒã‚»ãƒ³ã‚¸ãƒ£ãƒ¼ãƒãƒƒã‚° (ãƒ¬ãƒƒãƒ‰ç³»),https://zozo.jp/?c=gr&gid=75745375&kid=323365025&t=w&utm_source=wear&utm_medium=pc&utm_campaign=brandnameFOSSIL_itemID71819878_kid323365025_coupon0
90,21,FOSSIL,ãƒ–ãƒ¬ã‚¹ãƒ¬ãƒƒãƒˆ (ã‚´ãƒ¼ãƒ«ãƒ‰ç³»),https://zozo.jp/?c=gr&gid=75749305&kid=323365025&t=w&utm_source=wear&utm_medium=pc&utm_campaign=brandnameFOSSIL_itemID71876593_kid323365025_coupon0
91,21,adidas,Tã‚·ãƒ£ãƒ„/ã‚«ãƒƒãƒˆã‚½ãƒ¼ (ãƒ›ãƒ¯ã‚¤ãƒˆç³»),https://zozo.jp/?c=gr&gid=71461437&kid=323365025&t=w&utm_source=wear&utm_medium=pc&utm_campaign=brandnameadidas_itemID67539894_kid323365025_coupon0
92,21,GU,,https://zozo.jp/search/?p_keyv=%83X%83E%83F%83b%83g%83p%83%93%83c&p_cocid=3&kid=423365025&t=w&utm_source=wear&utm_medium=pc&utm_campaign=relsnap_23365025
93,21,adidas,ã‚¹ãƒ‹ãƒ¼ã‚«ãƒ¼ (ã‚°ãƒ¬ãƒ¼ç³»),https://zozo.jp/?c=gr&gid=73371667&kid=323365025&t=w&utm_source=wear&utm_medium=pc&utm_campaign=brandnameadidas_itemID70075736_kid323365025_coupon0
94,21,NEW ERA,ãƒãƒƒãƒˆ (ãƒ–ãƒ©ãƒƒã‚¯ç³»),https://zozo.jp/?c=gr&gid=76493571&kid=323365025&t=w&utm_source=wear&utm_medium=pc&utm_campaign=brandnameNEW+ERA_itemID72171474_kid323365025_coupon0
95,22,BEAMS,Tã‚·ãƒ£ãƒ„/ã‚«ãƒƒãƒˆã‚½ãƒ¼ (ã‚°ãƒ¬ãƒ¼ç³»),https://zozo.jp/?c=gr&gid=75412059&kid=323240901&t=w&utm_source=wear&utm_medium=pc&utm_campaign=brandnameBEAMS_itemID71100281_kid323240901_coupon0
96,22,BEAMS,ãã®ä»–ãƒ‘ãƒ³ãƒ„ (ãƒ–ãƒ©ã‚¦ãƒ³ç³»),https://zozo.jp/?c=gr&gid=74722016&kid=323240901&t=w&utm_source=wear&utm_medium=pc&utm_campaign=brandnameBEAMS_itemID70639603_kid323240901_coupon0
97,23,INTER FACTORY,ãƒ‡ãƒ‹ãƒ ãƒ‘ãƒ³ãƒ„ (ãƒ–ãƒ«ãƒ¼ç³»),https://zozo.jp/brand/interfactory/?p_keyv=%83f%83j%83%80%83p%83%93%83c&kid=423164246&t=w&utm_source=wear&utm_medium=pc&utm_campaign=relsnap_23164246
98,23,SONSHINBAL,,https://zozo.jp/search/?p_keyv=%83X%83%8A%83b%83%7C%83%93&p_cocid=2&kid=423164246&t=w&utm_source=wear&utm_medium=pc&utm_campaign=relsnap_23164246
99,23,old coach,å€Ÿã‚Šç‰©,https://zozo.jp/category/bag/?p_cocid=12&kid=423164246&t=w&utm_source=wear&utm_medium=pc&utm_campaign=relsnap_23164246
100,23,INTERPLAY,Tã‚·ãƒ£ãƒ„/ã‚«ãƒƒãƒˆã‚½ãƒ¼ (ãƒ¬ãƒƒãƒ‰ç³»),https://zozo.jp/?c=gr&gid=73958513&kid=323164246&t=w&utm_source=wear&utm_medium=pc&utm_campaign=brandnameINTERPLAY_itemID69809344_kid323164246_coupon0
101,23,TikTok â–¶ï¸ @im_gaox,ãƒ•ã‚¡ãƒƒã‚·ãƒ§ãƒ³ã‚„ä¼ç”»ç‰©ã‚’æŠ•ç¨¿ã—ã¦ã¾ã™ğŸ‘Œ,https://zozo.jp/category/others/?p_cocid=16&kid=423164246&t=w&utm_source=wear&utm_medium=pc&utm_campaign=relsnap_23164246
102,23,Instagram â–¶ï¸ @im_gaox,æ´—ç·´ã•ã‚ŒãŸã‚³ãƒ¼ãƒ‡ã‚£ãƒãƒ¼ãƒˆã‚’ä¸»ã«æŠ•ç¨¿ã—ã¦ãŠã‚Šã¾ã™ğŸ‘Œ,https://zozo.jp/category/others/?p_cocid=16&kid=423164246&t=w&utm_source=wear&utm_medium=pc&utm_campaign=relsnap_23164246
103,24,COMECHATTO&CLOSET,ãƒ‹ãƒƒãƒˆã‚­ãƒ£ãƒƒãƒ—/ãƒ“ãƒ¼ãƒ‹ãƒ¼ (ã‚°ãƒ¬ãƒ¼ç³»),https://zozo.jp/brand/comechatto-and-closet/?p_keyv=%83j%83b%83g%83L%83%83%83b%83v%2F%83r%81%5B%83j%81%5B&kid=421531045&t=w&utm_source=wear&utm_medium=pc&utm_campaign=relsnap_21531045
104,24,Ungrid,Tã‚·ãƒ£ãƒ„/ã‚«ãƒƒãƒˆã‚½ãƒ¼ (ãƒ–ãƒ«ãƒ¼ç³»),https://runway-webstore.com/ap/item/i/m/1122227481?aid4=wear&utm_medium=social&utm_source=wear&utm_campaign=UN
105,24,DENIM DUNGAREE,,https://zozo.jp/brand/denimdungaree/?p_keyv=%83f%83j%83%80%83p%83%93%83c&p_cocid=8&kid=421531045&t=w&utm_source=wear&utm_medium=pc&utm_campaign=relsnap_21531045
106,24,CONVERSE,ã‚¹ãƒ‹ãƒ¼ã‚«ãƒ¼ (ãƒ›ãƒ¯ã‚¤ãƒˆç³»),https://zozo.jp/?c=gr&gid=54247951&kid=321531045&t=w&utm_source=wear&utm_medium=pc&utm_campaign=brandnameCONVERSE_itemID51328162_kid321531045_coupon0
107,24,JANSPORT,ãƒœãƒ‡ã‚£ãƒãƒƒã‚°/ã‚¦ã‚¨ã‚¹ãƒˆãƒãƒ¼ãƒ (ãƒ–ãƒ©ãƒƒã‚¯ç³»),https://zozo.jp/brand/jansport/?p_keyv=%83%7B%83f%83B%83o%83b%83O%2F%83E%83G%83X%83g%83%7C%81%5B%83%60&kid=421531045&t=w&utm_source=wear&utm_medium=pc&utm_campaign=relsnap_21531045
108,24,BAYFLOW,ãƒ¡ã‚¬ãƒ (ãƒ–ãƒ©ãƒƒã‚¯ç³»),https://zozo.jp/?c=gr&gid=40780192&kid=321531045&t=w&utm_source=wear&utm_medium=pc&utm_campaign=brandnameBAYFLOW_itemID38504046_kid321531045_coupon0
109,25,BEAMS,ãƒŠã‚¤ãƒ­ãƒ³ã‚¸ãƒ£ã‚±ãƒƒãƒˆ (ãƒ–ãƒ©ãƒƒã‚¯ç³»),https://zozo.jp/?c=gr&gid=74492720&kid=323142820&t=w&utm_source=wear&utm_medium=pc&utm_campaign=brandnameBEAMS_itemID70232015_kid323142820_coupon0
110,25,BEAMS,ãã®ä»–ãƒ‘ãƒ³ãƒ„ (ãƒ–ãƒ©ãƒƒã‚¯ç³»),https://zozo.jp/?c=gr&gid=73029497&kid=323142820&t=w&utm_source=wear&utm_medium=pc&utm_campaign=brandnameBEAMS_itemID69574441_kid323142820_coupon0
111,26,BEAMS,ãƒãƒ­ã‚·ãƒ£ãƒ„ (ã‚°ãƒ¬ãƒ¼ç³»),https://zozo.jp/?c=gr&gid=72054484&kid=322970121&t=w&utm_source=wear&utm_medium=pc&utm_campaign=brandnameBEAMS_itemID68054835_kid322970121_coupon0
112,27,NUMBER (N)INE,ğŸ”¸ã‚«ãƒ¼ãƒˆã‚ªãƒ¼ãƒãƒ«ã‚µãƒ³ã‚°ãƒ©ã‚¹(ç™½)ğŸ˜âœ¨ (ä¸Š)ãƒŠãƒ³ãƒãƒ¼ãƒŠã‚¤ãƒ³(ä¸‹)ã‚¨ãƒ•ã‚§ã‚¯ã‚¿ãƒ¼ğŸ•¶,https://zozo.jp/brand/numbernine/?p_keyv=%83T%83%93%83O%83%89%83X&p_cocid=1&kid=423272362&t=w&utm_source=wear&utm_medium=pc&utm_campaign=relsnap_23272362
113,27,VINTAGE,ğŸ”¸ã‚ªãƒ¼ãƒ«ãƒ‰ã‚®ãƒ£ãƒƒãƒ— ãƒã‚§ãƒƒã‚¯ã‚·ãƒ£ãƒ„ èŒ¶ XL ãƒ¡ãƒ«ã‚«ãƒªå‡ºå“ä¸­ğŸ™‹â€â™‚ï¸,https://zozo.jp/search/?p_keyv=%83V%83%83%83c%2F%83u%83%89%83E%83X&p_cocid=5&kid=423272362&t=w&utm_source=wear&utm_medium=pc&utm_campaign=relsnap_23272362
114,27,HYSTERIC GLAMOUR,ğŸ”¸ãƒ’ã‚¹ãƒ†ãƒªãƒƒã‚¯ã‚°ãƒ©ãƒãƒ¼   ï¼´ã‚·ãƒ£ãƒ„   ã‚³ãƒ¼ãƒˆãƒ‹ãƒ¼ãƒ©ãƒ–,https://zozo.jp/brand/hystericglamour/?p_keyv=T%83V%83%83%83c%2F%83J%83b%83g%83%5C%81%5B&p_cocid=10&kid=423272362&t=w&utm_source=wear&utm_medium=pc&utm_campaign=relsnap_23272362
115,27,VINTAGE,ğŸ”¸70sãƒªãƒ¼ãƒã‚¤ã‚¹ 646 ãƒ™ãƒ«ãƒœãƒˆãƒ  33Ã—30 â˜…ãƒ¡ãƒ«ã‚«ãƒªå‡ºå“ä¸­â€¼ï¸,https://zozo.jp/search/?p_keyv=%83f%83j%83%80%83p%83%93%83c&p_cocid=8&kid=423272362&t=w&utm_source=wear&utm_medium=pc&utm_campaign=relsnap_23272362
116,27,VINTAGE,ğŸ”¸ã‚¨ã‚¤ãƒãƒ†ã‚£ãƒ¼ã‚·ãƒ¼ã€€ã‚¦ã‚©ãƒ¬ãƒƒãƒˆãƒã‚§ãƒ¼ãƒ³49cm(ã‚·ãƒ«ãƒãƒ¼) â˜…ãƒ¡ãƒ«ã‚«ãƒªå‡ºå“ä¸­â€¼ï¸,https://zozo.jp/search/?p_keyv=%83E%83H%83%8C%83b%83g%83%60%83F%81%5B%83%93&p_cocid=14&kid=423272362&t=w&utm_source=wear&utm_medium=pc&utm_campaign=relsnap_23272362
117,27,VINTAGE,ğŸ”¸ã‚³ãƒ³ãƒãƒ¼ã‚¹ 70sãƒãƒ£ãƒƒã‚¯ãƒ†ã‚¤ãƒ©ãƒ¼(é»’) â˜…ãƒ¡ãƒ«ã‚«ãƒªå‡ºå“ä¸­â€¼ï¸,https://zozo.jp/search/?p_keyv=%83X%83j%81%5B%83J%81%5B&p_cocid=2&kid=423272362&t=w&utm_source=wear&utm_medium=pc&utm_campaign=relsnap_23272362
118,27,ğŸ”¸ãƒ¡ãƒ«ã‚«ãƒªå‡ºå“ä¸­ğŸ™‹â€â™‚ï¸,ğŸ”¸70sãƒªãƒ¼ãƒã‚¤ã‚¹  684 ğŸ‘–BIGBELL&646ğŸ‘–âœ¨,https://zozo.jp/category/others/?p_cocid=16&kid=423272362&t=w&utm_source=wear&utm_medium=pc&utm_campaign=relsnap_23272362
119,27,ğŸ”¸æ·±å¤œã®ãƒ©ãƒ³ãƒ‹ãƒ³ã‚°BGMğŸ¸,ğŸ”¸å¾¹åº•çš„ã«çµã‚‹ğŸ’¦ ã‚ã‚“ãƒã‚¿ãƒ¼ğŸ™‹â€â™€ï¸ã ã‘ã¯ã‚„ã£ã±ã‚„ã‚ã‚‰ã‚Œã‚“(ç¬‘),https://zozo.jp/search/?p_keyv=CD&p_cocid=2&kid=423272362&t=w&utm_source=wear&utm_medium=pc&utm_campaign=relsnap_23272362
120,27,ğŸ”¸ãŠæ°—ã«å…¥ã‚ŠğŸ˜‹â¤ï¸,ğŸ”¸ã‚ã‚“ãƒã‚¿ãƒ¼ğŸ™‹â€â™€ï¸ã‚»ãƒ–ãƒ³ã‚¤ãƒ¬ãƒ–ãƒ³ ã‚³ãƒƒãƒšãƒ‘ãƒ³(ã¤ã¶ã‚ã‚“&ãƒãƒ¼ã‚¬ãƒªãƒ³),https://zozo.jp/category/others/?p_cocid=16&kid=423272362&t=w&utm_source=wear&utm_medium=pc&utm_campaign=relsnap_23272362
121,28,Pledge,ğŸ”¸ãƒ—ãƒ¬ãƒƒã‚¸ Kurt â…¡ ã‚µãƒ³ã‚°ãƒ©ã‚¹(ã‚¯ãƒªã‚¢ãƒ¬ãƒƒãƒ‰) â˜…ã‚µãƒ³ãƒ­ãƒ¼ãƒ©ãƒ³(èµ¤)ã¯ãƒ¡ãƒ«ã‚«ãƒªå‡ºå“ä¸­â€¼ï¸,https://zozo.jp/search/?p_keyv=%83T%83%93%83O%83%89%83X&p_cocid=12&kid=423298309&t=w&utm_source=wear&utm_medium=pc&utm_campaign=relsnap_23298309
122,28,VINTAGE,ğŸ”¸JC Penney  ã‚¢ã‚¯ãƒªãƒ«ã‚«ãƒ¼ãƒ‡ã‚£ã‚¬ãƒ³(èµ¤)  â˜…ãƒ¡ãƒ«ã‚«ãƒªå‡ºå“ä¸­â€¼ï¸,https://zozo.jp/search/?p_keyv=%83J%81%5B%83f%83B%83K%83%93%2F%83%7B%83%8C%83%8D&p_cocid=12&kid=423298309&t=w&utm_source=wear&utm_medium=pc&utm_campaign=relsnap_23298309
123,28,VINTAGE,ğŸ”¸VTGã‚¹ãƒˆãƒ©ã‚¤ãƒ—ãƒ‘ã‚¸ãƒ£ãƒã‚·ãƒ£ãƒ„Ã—grunge is dead Tã‚·ãƒ£ãƒ„(é»’)  â˜…ãƒ¡ãƒ«ã‚«ãƒªå‡ºå“ä¸­â€¼ï¸,https://zozo.jp/search/?p_keyv=T%83V%83%83%83c%2F%83J%83b%83g%83%5C%81%5B&p_cocid=2&kid=423298309&t=w&utm_source=wear&utm_medium=pc&utm_campaign=relsnap_23298309
124,28,glamb,ğŸ”¸ã‚°ãƒ©ãƒ ã€€ä¸¡è†ãƒ‘ãƒƒã‚¯ãƒªã‚°ãƒ©ãƒ³ã‚¸ãƒ‡ãƒ‹ãƒ ã€€â˜…ãƒ¡ãƒ«ã‚«ãƒªå‡ºå“ä¸­â€¼ï¸,https://zozo.jp/brand/glamb/?p_keyv=%83f%83j%83%80%83p%83%93%83c&p_cocid=8&kid=423298309&t=w&utm_source=wear&utm_medium=pc&utm_campaign=relsnap_23298309
125,28,VINTAGE,ğŸ”¸90s ã‚³ãƒ³ãƒãƒ¼ã‚¹ã€€ã‚«ãƒ¼ãƒˆç€ç”¨ã‚¸ãƒ£ãƒƒã‚¯ãƒ‘ãƒ¼ã‚»ãƒ«(é»’) â˜…ãƒ¡ãƒ«ã‚«ãƒªå‡ºå“ä¸­â€¼ï¸,https://zozo.jp/search/?p_keyv=%83X%83j%81%5B%83J%81%5B&p_cocid=2&kid=423298309&t=w&utm_source=wear&utm_medium=pc&utm_campaign=relsnap_23298309
126,28,VINTAGE,ğŸ”¸ã‚¨ã‚¤ãƒãƒ†ã‚£ãƒ¼ã‚·ãƒ¼ã€€ã‚¦ã‚©ãƒ¬ãƒƒãƒˆãƒã‚§ãƒ¼ãƒ³49cm(ã‚·ãƒ«ãƒãƒ¼) â˜…ãƒ¡ãƒ«ã‚«ãƒªå‡ºå“ä¸­â€¼ï¸,https://zozo.jp/search/?p_keyv=%83E%83H%83%8C%83b%83g%83%60%83F%81%5B%83%93&p_cocid=14&kid=423298309&t=w&utm_source=wear&utm_medium=pc&utm_campaign=relsnap_23298309
127,28,ğŸ”¶ç´›å¤±ã—ã¦ã—ã¾ã£ãŸãŠæ°—ã«å…¥ã‚ŠğŸ˜“,ğŸ”¸ã‚«ãƒ¼ãƒˆãŒæ­»ã‚“ã æ™‚ã«ä»˜ã‘ã¦ã„ãŸãƒˆãƒ ãƒ”ãƒ¼ã‚¿ãƒ¼ã‚½ãƒ³ã®æ™‚è¨ˆã€€â˜…ã‚«ãƒ¼ãƒˆç€åŒãƒ¢ãƒ‡ãƒ«,https://zozo.jp/search/?p_keyv=%83A%83i%83%8D%83O%98r%8E%9E%8Cv&p_cocid=2&kid=423298309&t=w&utm_source=wear&utm_medium=pc&utm_campaign=relsnap_23298309
128,29,VINTAGE,ğŸ”¸ã‚ªãƒ¼ãƒ«ãƒ‰ã‚®ãƒ£ãƒƒãƒ— ãƒã‚§ãƒƒã‚¯ã‚·ãƒ£ãƒ„ èŒ¶ XL ãƒ¡ãƒ«ã‚«ãƒªå‡ºå“ä¸­ğŸ™‹â€â™‚ï¸,https://zozo.jp/search/?p_keyv=%83V%83%83%83c%2F%83u%83%89%83E%83X&p_cocid=5&kid=423239925&t=w&utm_source=wear&utm_medium=pc&utm_campaign=relsnap_23239925
129,29,VINTAGE,ğŸ”¸ã‚«ãƒ¼ãƒˆè¿½æ‚¼Tã‚·ãƒ£ãƒ„(ç™½)XL â˜…ãƒ¡ãƒ«ã‚«ãƒªã«ã¦å¤šæ•°å‡ºå“ä¸­â€¼ï¸,https://zozo.jp/search/?p_keyv=T%83V%83%83%83c%2F%83J%83b%83g%83%5C%81%5B&p_cocid=1&kid=423239925&t=w&utm_source=wear&utm_medium=pc&utm_campaign=relsnap_23239925
130,29,GRAMICCI ,ğŸ”¸ã‚°ãƒ©ãƒŸãƒ ã‚¯ãƒ©ã‚¤ãƒŸãƒ³ã‚°ã‚«ãƒ¼ã‚´ã‚·ãƒ§ãƒ¼ãƒ„ ã‚±ãƒ­è‰²ğŸ¸ XL,https://zozo.jp/brand/gramicci/?p_keyv=%83%60%83m%83p%83%93%83c&p_cocid=7&kid=423239925&t=w&utm_source=wear&utm_medium=pc&utm_campaign=relsnap_23239925
131,29,N.HOOLYWOODÃ—converse,ğŸ”¸2005å¹´ ã‚¨ãƒŒãƒãƒªÃ—ã‚³ãƒ³ãƒãƒ¼ã‚¹Ã—é‡å£å¼· ã‚ªãƒ¼ãƒ«ã‚¹ã‚¿ãƒ¼ ãƒ¬ãƒˆãƒ­ MH HI é»’ 11.5(30cm),https://zozo.jp/search/?p_keyv=%83X%83j%81%5B%83J%81%5B&p_cocid=2&kid=423239925&t=w&utm_source=wear&utm_medium=pc&utm_campaign=relsnap_23239925
132,29,ğŸ”¸2æ—¥é–“ã‹ã‘ã¦ãƒ”ãƒƒã‚«ãƒ”ã‚«ã«ğŸ‘Ÿâœ¨,ğŸ”¸ã‚¹ãƒ‹ãƒ¼ã‚«ãƒ¼æ„›â¤ï¸ æ±šã‚Œã¨ã‚¢ã‚¸ã£ã¦å…¨ãé•ã†ã‚“ã ã‚ˆã­ğŸ¤”,https://zozo.jp/search/?p_keyv=%83X%83j%81%5B%83J%81%5B&p_cocid=2&kid=423239925&t=w&utm_source=wear&utm_medium=pc&utm_campaign=relsnap_23239925
133,30,NUMBER (N)INE,ğŸ”¸ã‚«ãƒ¼ãƒˆã‚ªãƒ¼ãƒãƒ«ã‚µãƒ³ã‚°ãƒ©ã‚¹(ç™½)ğŸ˜âœ¨ (ä¸Š)ãƒŠãƒ³ãƒãƒ¼ãƒŠã‚¤ãƒ³(ä¸‹)ã‚¨ãƒ•ã‚§ã‚¯ã‚¿ãƒ¼ğŸ•¶,https://zozo.jp/brand/numbernine/?p_keyv=%83T%83%93%83O%83%89%83X&p_cocid=1&kid=423256683&t=w&utm_source=wear&utm_medium=pc&utm_campaign=relsnap_23256683
134,30,VINTAGE,ğŸ”¸60s USAè£½ BIGMAC ã‚·ãƒ£ãƒ¢ã‚¢ã‚¯ãƒ­ã‚¹ã‚·ãƒ£ãƒ„ èµ¤ XL,https://zozo.jp/search/?p_keyv=%83V%83%83%83c%2F%83u%83%89%83E%83X&p_cocid=12&kid=423256683&t=w&utm_source=wear&utm_medium=pc&utm_campaign=relsnap_23256683
135,30,VINTAGE,ğŸ”¸SUB POP ã‚«ãƒ¼ãƒˆã‚³ãƒãƒ¼ãƒ³ Tã‚·ãƒ£ãƒ„ ç™½ L,https://zozo.jp/search/?p_keyv=T%83V%83%83%83c%2F%83J%83b%83g%83%5C%81%5B&p_cocid=1&kid=423256683&t=w&utm_source=wear&utm_medium=pc&utm_campaign=relsnap_23256683
136,30,VINTAGE,ğŸ”¸BIGMAC 60sãƒšã‚¤ãƒ³ã‚¿ãƒ¼ãƒ‘ãƒ³ãƒ„(é’)  â˜…ãƒ¡ãƒ«ã‚«ãƒªå‡ºå“ä¸­â€¼ï¸,https://zozo.jp/search/?p_keyv=%83f%83j%83%80%83p%83%93%83c&p_cocid=8&kid=423256683&t=w&utm_source=wear&utm_medium=pc&utm_campaign=relsnap_23256683
137,30,VINTAGE,ğŸ”¸ã‚¨ã‚¤ãƒãƒ†ã‚£ãƒ¼ã‚·ãƒ¼ã€€ã‚¦ã‚©ãƒ¬ãƒƒãƒˆãƒã‚§ãƒ¼ãƒ³49cm(ã‚·ãƒ«ãƒãƒ¼) â˜…ãƒ¡ãƒ«ã‚«ãƒªå‡ºå“ä¸­â€¼ï¸,https://zozo.jp/search/?p_keyv=%83E%83H%83%8C%83b%83g%83%60%83F%81%5B%83%93&p_cocid=14&kid=423256683&t=w&utm_source=wear&utm_medium=pc&utm_campaign=relsnap_23256683
138,30,VINTAGE,ğŸ”¸90s ã‚³ãƒ³ãƒãƒ¼ã‚¹ã€€ã‚«ãƒ¼ãƒˆç€ç”¨ã‚¸ãƒ£ãƒƒã‚¯ãƒ‘ãƒ¼ã‚»ãƒ«(é»’) â˜…ãƒ¡ãƒ«ã‚«ãƒªå‡ºå“ä¸­â€¼ï¸,https://zozo.jp/search/?p_keyv=%83X%83j%81%5B%83J%81%5B&p_cocid=2&kid=423256683&t=w&utm_source=wear&utm_medium=pc&utm_campaign=relsnap_23256683
139,30,ğŸ”¸ãƒ¡ãƒ«ã‚«ãƒªå‡ºå“ä¸­ğŸ™‹â€â™‚ï¸,ğŸ”¸USAè£½é»’ã‚³ãƒ³VTG ãƒãƒ£ãƒƒã‚¯ã€ã‚³ãƒ¼ãƒã€ã‚¸ãƒ£ãƒƒã‚¯ãƒ‘ãƒ¼ã‚»ãƒ«etc,https://zozo.jp/category/others/?p_cocid=16&kid=423256683&t=w&utm_source=wear&utm_medium=pc&utm_campaign=relsnap_23256683
140,30,ğŸ”¸æœç”¨ä¸­ã®ãƒªãƒã‚¦ãƒ ğŸ’Š,ğŸ”¸Nirvanaã®æ›²ã«ã‚‚ã‚ã‚‹åŒæ¥µæ€§éšœå®³ã®è–¬ğŸ’Š,https://zozo.jp/category/others/?p_cocid=16&kid=423256683&t=w&utm_source=wear&utm_medium=pc&utm_campaign=relsnap_23256683
141,30,ğŸ”¸ãƒšã‚¤ãƒ³ã‚¿ãƒ¼ãƒ‘ãƒ³ãƒ„ã‚³ãƒ¼ãƒ‡ğŸ˜ğŸ’•,â¤ï¸ã‚«ãƒ¼ãƒˆ&ãƒ•ãƒ©ãƒ³ã‚·ã‚¹ã€€å¨˜é”ã¨ã®æ‡ã‹ã—ã„æ€ã„å‡ºâœ¨,https://zozo.jp/search/?p_keyv=%83f%83j%83%80%83p%83%93%83c&p_cocid=8&kid=423256683&t=w&utm_source=wear&utm_medium=pc&utm_campaign=relsnap_23256683
142,31,niko and...,,https://zozo.jp/brand/nikoand/?p_keyv=%83j%83b%83g%2F%83Z%81%5B%83%5E%81%5B&p_cocid=1&kid=423284352&t=w&utm_source=wear&utm_medium=pc&utm_campaign=relsnap_23284352
143,31,GU,,https://zozo.jp/search/?p_keyv=%83f%83j%83%80%83p%83%93%83c&p_cocid=3&kid=423284352&t=w&utm_source=wear&utm_medium=pc&utm_campaign=relsnap_23284352
144,31,Dr.Martens,ãƒ‰ãƒ¬ã‚¹ã‚·ãƒ¥ãƒ¼ã‚º (ãƒ–ãƒ©ãƒƒã‚¯ç³»),https://zozo.jp/brand/drmartens/?p_keyv=%83h%83%8C%83X%83V%83%85%81%5B%83Y&kid=423284352&t=w&utm_source=wear&utm_medium=pc&utm_campaign=relsnap_23284352
145,32,URBAN RESEARCH DOORS MENS,ãã®ä»–ãƒ‘ãƒ³ãƒ„ (ãƒ›ãƒ¯ã‚¤ãƒˆç³»),https://zozo.jp/?c=gr&gid=3396471&kid=300362093&t=w&utm_source=wear&utm_medium=pc&utm_campaign=brandnameURBAN+RESEARCH+DOORS+MENS_itemID3577686_kid300362093_coupon0
146,32,URBAN RESEARCH DOORS MENS,ãƒ‘ãƒ¼ã‚«ãƒ¼ (ã‚°ãƒªãƒ¼ãƒ³ç³»),https://zozo.jp/brand/urbanresearchdoorsmens/?p_keyv=%83p%81%5B%83J%81%5B&kid=400362093&t=w&utm_source=wear&utm_medium=pc&utm_campaign=relsnap_362093
147,33,SALOMON,,https://zozo.jp/search/?p_keyv=%83X%83j%81%5B%83J%81%5B&p_cocid=3&kid=423312478&t=w&utm_source=wear&utm_medium=pc&utm_campaign=relsnap_23312478
148,33,CIAOPANIC TYPY,ã‚¹ãƒ©ãƒƒã‚¯ã‚¹ (ãƒ–ãƒ«ãƒ¼ç³»),https://zozo.jp/?c=gr&gid=76361522&kid=323312478&t=w&utm_source=wear&utm_medium=pc&utm_campaign=brandnameCIAOPANIC+TYPY_itemID72403114_kid323312478_coupon0
149,33,CIAOPANIC TYPY,ãƒ‹ãƒƒãƒˆ/ã‚»ãƒ¼ã‚¿ãƒ¼ (ãƒ–ãƒ«ãƒ¼ç³»),https://zozo.jp/?c=gr&gid=75413786&kid=323312478&t=w&utm_source=wear&utm_medium=pc&utm_campaign=brandnameCIAOPANIC+TYPY_itemID72074939_kid323312478_coupon0
150,33,CIAOPANIC TYPY,ã‚·ãƒ§ãƒ«ãƒ€ãƒ¼ãƒãƒƒã‚° (ãƒ–ãƒ©ãƒƒã‚¯ç³»),https://zozo.jp/?c=gr&gid=75815643&kid=323312478&t=w&utm_source=wear&utm_medium=pc&utm_campaign=brandnameCIAOPANIC+TYPY_itemID71737366_kid323312478_coupon0
151,34,feepur,Tã‚·ãƒ£ãƒ„/ã‚«ãƒƒãƒˆã‚½ãƒ¼ (ãƒ›ãƒ¯ã‚¤ãƒˆç³»),https://zozo.jp/?c=gr&gid=74722552&kid=323286001&t=w&utm_source=wear&utm_medium=pc&utm_campaign=brandnamefeepur_itemID70573690_kid323286001_coupon0
152,34,feepur,ãƒ™ã‚¹ãƒˆ (ãƒ–ãƒ©ãƒƒã‚¯ç³»),https://zozo.jp/?c=gr&gid=76257622&kid=323286001&t=w&utm_source=wear&utm_medium=pc&utm_campaign=brandnamefeepur_itemID72349542_kid323286001_coupon0
153,34,feepur,ã‚¹ãƒ©ãƒƒã‚¯ã‚¹ (ã‚°ãƒ¬ãƒ¼ç³»),https://zozo.jp/?c=gr&gid=72964135&kid=323286001&t=w&utm_source=wear&utm_medium=pc&utm_campaign=brandnamefeepur_itemID68602861_kid323286001_coupon0
154,34,feepur,ã‚µãƒ³ã‚°ãƒ©ã‚¹ (ãƒ–ãƒ©ãƒƒã‚¯ç³»),https://zozo.jp/?c=gr&gid=72964116&kid=323286001&t=w&utm_source=wear&utm_medium=pc&utm_campaign=brandnamefeepur_itemID68602859_kid323286001_coupon0
155,34,New Balance,ã‚¹ãƒ‹ãƒ¼ã‚«ãƒ¼ (ã‚°ãƒ¬ãƒ¼ç³»),https://zozo.jp/search/?p_keyv=%83X%83j%81%5B%83J%81%5B&kid=423286001&t=w&utm_source=wear&utm_medium=pc&utm_campaign=relsnap_23286001
156,34,Instagramâ‰«,Instagram(@yuka__kt) ãƒ•ã‚©ãƒ­ãƒ¼ãŠå¾…ã¡ã—ã¦ã¾ã™ğŸ«¶ğŸ»,https://zozo.jp/search/?p_keyv=%82%BB%82%CC%91%BC&p_cocid=16&kid=423286001&t=w&utm_source=wear&utm_medium=pc&utm_campaign=relsnap_23286001
157,34,feepur,ã‚·ãƒ§ãƒ«ãƒ€ãƒ¼ãƒãƒƒã‚° (ãƒ–ãƒ©ãƒƒã‚¯ç³»),https://zozo.jp/?c=gr&gid=76912827&kid=323286001&t=w&utm_source=wear&utm_medium=pc&utm_campaign=brandnamefeepur_itemID72751477_kid323286001_coupon0
158,35,Riberry,ã‚«ãƒ¼ãƒ‡ã‚£ã‚¬ãƒ³/ãƒœãƒ¬ãƒ­ (ãƒ–ãƒ©ãƒƒã‚¯ç³»),https://zozo.jp/?c=gr&gid=66639695&kid=323308838&t=w&utm_source=wear&utm_medium=pc&utm_campaign=brandnameRiberry_itemID62845010_kid323308838_coupon0
159,35,Q,ãã®ä»–ãƒ‘ãƒ³ãƒ„ (ãƒ–ãƒ©ãƒƒã‚¯ç³»),https://zozo.jp/?c=gr&gid=73826036&kid=323308838&t=w&utm_source=wear&utm_medium=pc&utm_campaign=brandnameQ_itemID70975748_kid323308838_coupon0
160,35,BIGOTRE,ã‚·ãƒ§ãƒ«ãƒ€ãƒ¼ãƒãƒƒã‚° (ã‚·ãƒ«ãƒãƒ¼ç³»),https://zozo.jp/?c=gr&gid=71424415&kid=323308838&t=w&utm_source=wear&utm_medium=pc&utm_campaign=brandnameBIGOTRE_itemID67905573_kid323308838_coupon0
161,35,ADAM ET ROPE',ãƒ‘ãƒ³ãƒ—ã‚¹ (ã‚·ãƒ«ãƒãƒ¼ç³»),https://zozo.jp/?c=gr&gid=69514422&kid=323308838&t=w&utm_source=wear&utm_medium=pc&utm_campaign=brandnameADAM+ET+ROPE%27_itemID66201503_kid323308838_coupon0
162,36,feepur,ã‚¹ã‚¦ã‚§ãƒƒãƒˆ (ãƒ›ãƒ¯ã‚¤ãƒˆç³»),https://zozo.jp/?c=gr&gid=70241844&kid=323300450&t=w&utm_source=wear&utm_medium=pc&utm_campaign=brandnamefeepur_itemID66743958_kid323300450_coupon0
163,36,feepur,ãƒ™ã‚¹ãƒˆ (ãƒ–ãƒ©ãƒƒã‚¯ç³»),https://zozo.jp/?c=gr&gid=70684011&kid=323300450&t=w&utm_source=wear&utm_medium=pc&utm_campaign=brandnamefeepur_itemID67347019_kid323300450_coupon0
164,36,feepur,ã‚·ãƒ§ãƒ«ãƒ€ãƒ¼ãƒãƒƒã‚° (ãƒ–ãƒ©ãƒƒã‚¯ç³»),https://zozo.jp/?c=gr&gid=73031683&kid=323300450&t=w&utm_source=wear&utm_medium=pc&utm_campaign=brandnamefeepur_itemID68603001_kid323300450_coupon0
165,36,feepur,ã‚µãƒ³ã‚°ãƒ©ã‚¹ (ãƒ–ãƒ©ãƒƒã‚¯ç³»),https://zozo.jp/?c=gr&gid=72964116&kid=323300450&t=w&utm_source=wear&utm_medium=pc&utm_campaign=brandnamefeepur_itemID68602859_kid323300450_coupon0
166,36,DONOBAN,ãƒ‘ãƒ³ãƒ—ã‚¹ (ãƒ–ãƒ©ãƒƒã‚¯ç³»),https://zozo.jp/?c=gr&gid=27770932&kid=323300450&t=w&utm_source=wear&utm_medium=pc&utm_campaign=brandnameDONOBAN_itemID28398523_kid323300450_coupon0
167,36,Instagramâ‰«,Instagram(@yuka__kt) ãƒ•ã‚©ãƒ­ãƒ¼ãŠå¾…ã¡ã—ã¦ã¾ã™ğŸ«¶ğŸ»,https://zozo.jp/search/?p_keyv=%82%BB%82%CC%91%BC&p_cocid=16&kid=423300450&t=w&utm_source=wear&utm_medium=pc&utm_campaign=relsnap_23300450
168,36,feepur by saya,ã‚¹ã‚«ãƒ¼ãƒˆ (ã‚°ãƒ¬ãƒ¼ç³»),https://zozo.jp/?c=gr&gid=76738606&kid=323300450&t=w&utm_source=wear&utm_medium=pc&utm_campaign=brandnamefeepur+by+saya_itemID72608939_kid323300450_coupon0
169,37,Zoff,ãƒ¡ã‚¬ãƒ (ãƒ–ãƒ©ã‚¦ãƒ³ç³»),https://zozo.jp/?c=gr&gid=52884849&kid=323290089&t=w&utm_source=wear&utm_medium=pc&utm_campaign=brandnameZoff_itemID49186495_kid323290089_coupon0
170,37,select MOCA,ãƒ‹ãƒƒãƒˆ/ã‚»ãƒ¼ã‚¿ãƒ¼ (ãƒ–ãƒ©ã‚¦ãƒ³ç³»),https://zozo.jp/?c=gr&gid=74983130&kid=323290089&t=w&utm_source=wear&utm_medium=pc&utm_campaign=brandnameselect+MOCA_itemID72189926_kid323290089_coupon0
171,37,Kastane,ãã®ä»–ãƒ‘ãƒ³ãƒ„ (ãƒ›ãƒ¯ã‚¤ãƒˆç³»),https://zozo.jp/brand/kastane/?p_keyv=%82%BB%82%CC%91%BC%83p%83%93%83c&kid=423290089&t=w&utm_source=wear&utm_medium=pc&utm_campaign=relsnap_23290089
172,37,HARUTA,ãƒ­ãƒ¼ãƒ•ã‚¡ãƒ¼ (ãƒ–ãƒ©ãƒƒã‚¯ç³»),https://zozo.jp/?c=gr&gid=49794853&kid=323290089&t=w&utm_source=wear&utm_medium=pc&utm_campaign=brandnameHARUTA_itemID44381579_kid323290089_coupon0
173,37,my Instagram ğŸ“·Â´-,å€‹äººã‚¢ã‚«ã‚¦ãƒ³ãƒˆâ•ã‚ˆã‹ã£ãŸã‚‰éŠã³ã«ãã¦ãã ã•ã„ğŸ«°ğŸ»ğŸ¤,https://zozo.jp/search/?p_keyv=%82%BB%82%CC%91%BC&p_cocid=16&kid=423290089&t=w&utm_source=wear&utm_medium=pc&utm_campaign=relsnap_23290089
